file,group,local_stroke_id,start_index,end_index,tool_state
24-11-06__18-50-56_SI_neuer_Stempel_500.tdms,File_SI_neuer_Stempel_500,0,273,5821,new
24-11-06__18-50-56_SI_neuer_Stempel_500.tdms,File_SI_neuer_Stempel_500,1,5821,11231,new
24-11-06__18-50-56_SI_neuer_Stempel_500.tdms,File_SI_neuer_Stempel_500,2,11231,16721,new
24-11-06__18-50-56_SI_neuer_Stempel_500.tdms,File_SI_neuer_Stempel_500,3,16721,22181,new
24-11-06__18-50-56_SI_neuer_Stempel_500.tdms,File_SI_neuer_Stempel_500,4,22181,27640,new
24-11-06__18-50-56_SI_neuer_Stempel_500.tdms,File_SI_neuer_Stempel_500,5,27640,33115,new
24-11-06__18-50-56_SI_neuer_Stempel_500.tdms,File_SI_neuer_Stempel_500,6,33115,38571,new
24-11-06__18-50-56_SI_neuer_Stempel_500.tdms,File_SI_neuer_Stempel_500,7,38571,44042,new
24-11-06__18-50-56_SI_neuer_Stempel_500.tdms,File_SI_neuer_Stempel_500,8,44042,49505,new
24-11-06__18-50-56_SI_neuer_Stempel_500.tdms,File_SI_neuer_Stempel_500,9,49505,55471,new
24-11-06__18-50-56_SI_neuer_Stempel_500.tdms,File_SI_neuer_Stempel_500,10,55471,61436,new
24-11-06__18-50-56_SI_neuer_Stempel_500.tdms,File_SI_neuer_Stempel_500,11,61436,67400,new
24-11-06__18-50-56_SI_neuer_Stempel_500.tdms,File_SI_neuer_Stempel_500,12,67400,73367,new
24-11-06__18-50-56_SI_neuer_Stempel_500.tdms,File_SI_neuer_Stempel_500,13,73367,79330,new
24-11-06__18-50-56_SI_neuer_Stempel_500.tdms,File_SI_neuer_Stempel_500,14,79330,85296,new
24-11-06__18-50-56_SI_neuer_Stempel_500.tdms,File_SI_neuer_Stempel_500,15,85296,90760,new
24-11-06__18-50-56_SI_neuer_Stempel_500.tdms,File_SI_neuer_Stempel_500,16,90760,96225,new
24-11-06__18-50-56_SI_neuer_Stempel_500.tdms,File_SI_neuer_Stempel_500,17,96225,101690,new
24-11-06__18-50-56_SI_neuer_Stempel_500.tdms,File_SI_neuer_Stempel_500,18,101690,107155,new
24-11-06__18-50-56_SI_neuer_Stempel_500.tdms,File_SI_neuer_Stempel_500,19,107155,112620,new
24-11-06__18-50-56_SI_neuer_Stempel_500.tdms,File_SI_neuer_Stempel_500,20,112620,118085,new
24-11-06__18-50-56_SI_neuer_Stempel_500.tdms,File_SI_neuer_Stempel_500,21,118085,123550,new
24-11-06__18-50-56_SI_neuer_Stempel_500.tdms,File_SI_neuer_Stempel_500,22,123550,129016,new
24-11-06__18-50-56_SI_neuer_Stempel_500.tdms,File_SI_neuer_Stempel_500,23,129016,134981,new
24-11-06__18-50-56_SI_neuer_Stempel_500.tdms,File_SI_neuer_Stempel_500,24,134981,140946,new
24-11-06__18-50-56_SI_neuer_Stempel_500.tdms,File_SI_neuer_Stempel_500,25,140946,146911,new
24-11-06__18-50-56_SI_neuer_Stempel_500.tdms,File_SI_neuer_Stempel_500,26,146911,152876,new
24-11-06__18-50-56_SI_neuer_Stempel_500.tdms,File_SI_neuer_Stempel_500,27,152876,158841,new
24-11-06__18-50-56_SI_neuer_Stempel_500.tdms,File_SI_neuer_Stempel_500,28,158841,164806,new
24-11-06__18-50-56_SI_neuer_Stempel_500.tdms,File_SI_neuer_Stempel_500,29,164806,170271,new
24-11-06__18-50-56_SI_neuer_Stempel_500.tdms,File_SI_neuer_Stempel_500,30,170271,175735,new
24-11-06__18-50-56_SI_neuer_Stempel_500.tdms,File_SI_neuer_Stempel_500,31,175735,181200,new
24-11-06__18-50-56_SI_neuer_Stempel_500.tdms,File_SI_neuer_Stempel_500,32,181200,186665,new
24-11-06__18-50-56_SI_neuer_Stempel_500.tdms,File_SI_neuer_Stempel_500,33,186665,192130,new
24-11-06__18-50-56_SI_neuer_Stempel_500.tdms,File_SI_neuer_Stempel_500,34,192130,197596,new
24-11-06__18-50-56_SI_neuer_Stempel_500.tdms,File_SI_neuer_Stempel_500,35,197596,203061,new
24-11-06__18-50-56_SI_neuer_Stempel_500.tdms,File_SI_neuer_Stempel_500,36,203061,208526,new
24-11-06__18-50-56_SI_neuer_Stempel_500.tdms,File_SI_neuer_Stempel_500,37,208526,214492,new
24-11-06__18-50-56_SI_neuer_Stempel_500.tdms,File_SI_neuer_Stempel_500,38,214492,220456,new
24-11-06__18-50-56_SI_neuer_Stempel_500.tdms,File_SI_neuer_Stempel_500,39,220456,226422,new
24-11-06__18-50-56_SI_neuer_Stempel_500.tdms,File_SI_neuer_Stempel_500,40,226422,232386,new
24-11-06__18-50-56_SI_neuer_Stempel_500.tdms,File_SI_neuer_Stempel_500,41,232386,238351,new
24-11-06__18-50-56_SI_neuer_Stempel_500.tdms,File_SI_neuer_Stempel_500,42,238351,244316,new
24-11-06__18-50-56_SI_neuer_Stempel_500.tdms,File_SI_neuer_Stempel_500,43,244316,250281,new
24-11-06__18-50-56_SI_neuer_Stempel_500.tdms,File_SI_neuer_Stempel_500,44,250281,255745,new
24-11-06__18-50-56_SI_neuer_Stempel_500.tdms,File_SI_neuer_Stempel_500,45,255745,261210,new
24-11-06__18-50-56_SI_neuer_Stempel_500.tdms,File_SI_neuer_Stempel_500,46,261210,266676,new
24-11-06__18-50-56_SI_neuer_Stempel_500.tdms,File_SI_neuer_Stempel_500,47,266676,272141,new
24-11-06__18-50-56_SI_neuer_Stempel_500.tdms,File_SI_neuer_Stempel_500,48,272141,277606,new
24-11-06__18-50-56_SI_neuer_Stempel_500.tdms,File_SI_neuer_Stempel_500,49,277606,283071,new
24-11-06__18-50-56_SI_neuer_Stempel_500.tdms,File_SI_neuer_Stempel_500,50,283071,288536,new
24-11-06__18-50-56_SI_neuer_Stempel_500.tdms,File_SI_neuer_Stempel_500,51,288536,294002,new
24-11-06__18-50-56_SI_neuer_Stempel_500.tdms,File_SI_neuer_Stempel_500,52,294002,299967,new
24-11-06__18-50-56_SI_neuer_Stempel_500.tdms,File_SI_neuer_Stempel_500,53,299967,305932,new
24-11-06__18-50-56_SI_neuer_Stempel_500.tdms,File_SI_neuer_Stempel_500,54,305932,311897,new
24-11-06__18-50-56_SI_neuer_Stempel_500.tdms,File_SI_neuer_Stempel_500,55,311897,317862,new
24-11-06__18-50-56_SI_neuer_Stempel_500.tdms,File_SI_neuer_Stempel_500,56,317862,323826,new
24-11-06__18-50-56_SI_neuer_Stempel_500.tdms,File_SI_neuer_Stempel_500,57,323826,329791,new
24-11-06__18-50-56_SI_neuer_Stempel_500.tdms,File_SI_neuer_Stempel_500,58,329791,335256,new
24-11-06__18-50-56_SI_neuer_Stempel_500.tdms,File_SI_neuer_Stempel_500,59,335256,340721,new
24-11-06__18-50-56_SI_neuer_Stempel_500.tdms,File_SI_neuer_Stempel_500,60,340721,346186,new
24-11-06__18-50-56_SI_neuer_Stempel_500.tdms,File_SI_neuer_Stempel_500,61,346186,351651,new
24-11-06__18-50-56_SI_neuer_Stempel_500.tdms,File_SI_neuer_Stempel_500,62,351651,357116,new
24-11-06__18-50-56_SI_neuer_Stempel_500.tdms,File_SI_neuer_Stempel_500,63,357116,362582,new
24-11-06__18-50-56_SI_neuer_Stempel_500.tdms,File_SI_neuer_Stempel_500,64,362582,368047,new
24-11-06__18-50-56_SI_neuer_Stempel_500.tdms,File_SI_neuer_Stempel_500,65,368047,373513,new
24-11-06__18-50-56_SI_neuer_Stempel_500.tdms,File_SI_neuer_Stempel_500,66,373513,379477,new
24-11-06__18-50-56_SI_neuer_Stempel_500.tdms,File_SI_neuer_Stempel_500,67,379477,385443,new
24-11-06__18-50-56_SI_neuer_Stempel_500.tdms,File_SI_neuer_Stempel_500,68,385443,391407,new
24-11-06__18-50-56_SI_neuer_Stempel_500.tdms,File_SI_neuer_Stempel_500,69,391407,397372,new
24-11-06__18-50-56_SI_neuer_Stempel_500.tdms,File_SI_neuer_Stempel_500,70,397372,403337,new
24-11-06__18-50-56_SI_neuer_Stempel_500.tdms,File_SI_neuer_Stempel_500,71,403337,409302,new
24-11-06__18-50-56_SI_neuer_Stempel_500.tdms,File_SI_neuer_Stempel_500,72,409302,414766,new
24-11-06__18-50-56_SI_neuer_Stempel_500.tdms,File_SI_neuer_Stempel_500,73,414766,420231,new
24-11-06__18-50-56_SI_neuer_Stempel_500.tdms,File_SI_neuer_Stempel_500,74,420231,425697,new
24-11-06__18-50-56_SI_neuer_Stempel_500.tdms,File_SI_neuer_Stempel_500,75,425697,431162,new
24-11-06__18-50-56_SI_neuer_Stempel_500.tdms,File_SI_neuer_Stempel_500,76,431162,436627,new
24-11-06__18-50-56_SI_neuer_Stempel_500.tdms,File_SI_neuer_Stempel_500,77,436627,442093,new
24-11-06__18-50-56_SI_neuer_Stempel_500.tdms,File_SI_neuer_Stempel_500,78,442093,447558,new
24-11-06__18-50-56_SI_neuer_Stempel_500.tdms,File_SI_neuer_Stempel_500,79,447558,453023,new
24-11-06__18-50-56_SI_neuer_Stempel_500.tdms,File_SI_neuer_Stempel_500,80,453023,458988,new
24-11-06__18-50-56_SI_neuer_Stempel_500.tdms,File_SI_neuer_Stempel_500,81,458988,464953,new
24-11-06__18-50-56_SI_neuer_Stempel_500.tdms,File_SI_neuer_Stempel_500,82,464953,470918,new
24-11-06__18-50-56_SI_neuer_Stempel_500.tdms,File_SI_neuer_Stempel_500,83,470918,476883,new
24-11-06__18-50-56_SI_neuer_Stempel_500.tdms,File_SI_neuer_Stempel_500,84,476883,482847,new
24-11-06__18-50-56_SI_neuer_Stempel_500.tdms,File_SI_neuer_Stempel_500,85,482847,488813,new
24-11-06__18-50-56_SI_neuer_Stempel_500.tdms,File_SI_neuer_Stempel_500,86,488813,494277,new
24-11-06__18-50-56_SI_neuer_Stempel_500.tdms,File_SI_neuer_Stempel_500,87,494277,499742,new
24-11-06__18-50-56_SI_neuer_Stempel_500.tdms,File_SI_neuer_Stempel_500,88,499742,505208,new
24-11-06__18-50-56_SI_neuer_Stempel_500.tdms,File_SI_neuer_Stempel_500,89,505208,510673,new
24-11-06__18-50-56_SI_neuer_Stempel_500.tdms,File_SI_neuer_Stempel_500,90,510673,516138,new
24-11-06__18-50-56_SI_neuer_Stempel_500.tdms,File_SI_neuer_Stempel_500,91,516138,521603,new
24-11-06__18-50-56_SI_neuer_Stempel_500.tdms,File_SI_neuer_Stempel_500,92,521603,527069,new
24-11-06__18-50-56_SI_neuer_Stempel_500.tdms,File_SI_neuer_Stempel_500,93,527069,532534,new
24-11-06__18-50-56_SI_neuer_Stempel_500.tdms,File_SI_neuer_Stempel_500,94,532534,537999,new
24-11-06__18-50-56_SI_neuer_Stempel_500.tdms,File_SI_neuer_Stempel_500,95,537999,543964,new
24-11-06__18-50-56_SI_neuer_Stempel_500.tdms,File_SI_neuer_Stempel_500,96,543964,549929,new
24-11-06__18-50-56_SI_neuer_Stempel_500.tdms,File_SI_neuer_Stempel_500,97,549929,555894,new
24-11-06__18-50-56_SI_neuer_Stempel_500.tdms,File_SI_neuer_Stempel_500,98,555894,561858,new
24-11-06__18-50-56_SI_neuer_Stempel_500.tdms,File_SI_neuer_Stempel_500,99,561858,567823,new
24-11-06__18-50-56_SI_neuer_Stempel_500.tdms,File_SI_neuer_Stempel_500,100,567823,573788,new
24-11-06__18-50-56_SI_neuer_Stempel_500.tdms,File_SI_neuer_Stempel_500,101,573788,579253,new
24-11-06__18-50-56_SI_neuer_Stempel_500.tdms,File_SI_neuer_Stempel_500,102,579253,584719,new
24-11-06__18-50-56_SI_neuer_Stempel_500.tdms,File_SI_neuer_Stempel_500,103,584719,590183,new
24-11-06__18-50-56_SI_neuer_Stempel_500.tdms,File_SI_neuer_Stempel_500,104,590183,595649,new
24-11-06__18-50-56_SI_neuer_Stempel_500.tdms,File_SI_neuer_Stempel_500,105,595649,601114,new
24-11-06__18-50-56_SI_neuer_Stempel_500.tdms,File_SI_neuer_Stempel_500,106,601114,606579,new
24-11-06__18-50-56_SI_neuer_Stempel_500.tdms,File_SI_neuer_Stempel_500,107,606579,612045,new
24-11-06__18-50-56_SI_neuer_Stempel_500.tdms,File_SI_neuer_Stempel_500,108,612045,617510,new
24-11-06__18-50-56_SI_neuer_Stempel_500.tdms,File_SI_neuer_Stempel_500,109,617510,623474,new
24-11-06__18-50-56_SI_neuer_Stempel_500.tdms,File_SI_neuer_Stempel_500,110,623474,629440,new
24-11-06__18-50-56_SI_neuer_Stempel_500.tdms,File_SI_neuer_Stempel_500,111,629440,635404,new
24-11-06__18-50-56_SI_neuer_Stempel_500.tdms,File_SI_neuer_Stempel_500,112,635404,641369,new
24-11-06__18-50-56_SI_neuer_Stempel_500.tdms,File_SI_neuer_Stempel_500,113,641369,647334,new
24-11-06__18-50-56_SI_neuer_Stempel_500.tdms,File_SI_neuer_Stempel_500,114,647334,653299,new
24-11-06__18-50-56_SI_neuer_Stempel_500.tdms,File_SI_neuer_Stempel_500,115,653299,658764,new
24-11-06__18-50-56_SI_neuer_Stempel_500.tdms,File_SI_neuer_Stempel_500,116,658764,664230,new
24-11-06__18-50-56_SI_neuer_Stempel_500.tdms,File_SI_neuer_Stempel_500,117,664230,669694,new
24-11-06__18-50-56_SI_neuer_Stempel_500.tdms,File_SI_neuer_Stempel_500,118,669694,675160,new
24-11-06__18-50-56_SI_neuer_Stempel_500.tdms,File_SI_neuer_Stempel_500,119,675160,680625,new
24-11-06__18-50-56_SI_neuer_Stempel_500.tdms,File_SI_neuer_Stempel_500,120,680625,686090,new
24-11-06__18-50-56_SI_neuer_Stempel_500.tdms,File_SI_neuer_Stempel_500,121,686090,691556,new
24-11-06__18-50-56_SI_neuer_Stempel_500.tdms,File_SI_neuer_Stempel_500,122,691556,697021,new
24-11-06__18-50-56_SI_neuer_Stempel_500.tdms,File_SI_neuer_Stempel_500,123,697021,702986,new
24-11-06__18-50-56_SI_neuer_Stempel_500.tdms,File_SI_neuer_Stempel_500,124,702986,708951,new
24-11-06__18-50-56_SI_neuer_Stempel_500.tdms,File_SI_neuer_Stempel_500,125,708951,714916,new
24-11-06__18-50-56_SI_neuer_Stempel_500.tdms,File_SI_neuer_Stempel_500,126,714916,720880,new
24-11-06__18-50-56_SI_neuer_Stempel_500.tdms,File_SI_neuer_Stempel_500,127,720880,726845,new
24-11-06__18-50-56_SI_neuer_Stempel_500.tdms,File_SI_neuer_Stempel_500,128,726845,732810,new
24-11-06__18-50-56_SI_neuer_Stempel_500.tdms,File_SI_neuer_Stempel_500,129,732810,738275,new
24-11-06__18-50-56_SI_neuer_Stempel_500.tdms,File_SI_neuer_Stempel_500,130,738275,743741,new
24-11-06__18-50-56_SI_neuer_Stempel_500.tdms,File_SI_neuer_Stempel_500,131,743741,749206,new
24-11-06__18-50-56_SI_neuer_Stempel_500.tdms,File_SI_neuer_Stempel_500,132,749206,754671,new
24-11-06__18-50-56_SI_neuer_Stempel_500.tdms,File_SI_neuer_Stempel_500,133,754671,760137,new
24-11-06__18-50-56_SI_neuer_Stempel_500.tdms,File_SI_neuer_Stempel_500,134,760137,765601,new
24-11-06__18-50-56_SI_neuer_Stempel_500.tdms,File_SI_neuer_Stempel_500,135,765601,771067,new
24-11-06__18-50-56_SI_neuer_Stempel_500.tdms,File_SI_neuer_Stempel_500,136,771067,776532,new
24-11-06__18-50-56_SI_neuer_Stempel_500.tdms,File_SI_neuer_Stempel_500,137,776532,782497,new
24-11-06__18-50-56_SI_neuer_Stempel_500.tdms,File_SI_neuer_Stempel_500,138,782497,788462,new
24-11-06__18-50-56_SI_neuer_Stempel_500.tdms,File_SI_neuer_Stempel_500,139,788462,794427,new
24-11-06__18-50-56_SI_neuer_Stempel_500.tdms,File_SI_neuer_Stempel_500,140,794427,800391,new
24-11-06__18-50-56_SI_neuer_Stempel_500.tdms,File_SI_neuer_Stempel_500,141,800391,806356,new
24-11-06__18-50-56_SI_neuer_Stempel_500.tdms,File_SI_neuer_Stempel_500,142,806356,812321,new
24-11-06__18-50-56_SI_neuer_Stempel_500.tdms,File_SI_neuer_Stempel_500,143,812321,818286,new
24-11-06__18-50-56_SI_neuer_Stempel_500.tdms,File_SI_neuer_Stempel_500,144,818286,823752,new
24-11-06__18-50-56_SI_neuer_Stempel_500.tdms,File_SI_neuer_Stempel_500,145,823752,829217,new
24-11-06__18-50-56_SI_neuer_Stempel_500.tdms,File_SI_neuer_Stempel_500,146,829217,834682,new
24-11-06__18-50-56_SI_neuer_Stempel_500.tdms,File_SI_neuer_Stempel_500,147,834682,840148,new
24-11-06__18-50-56_SI_neuer_Stempel_500.tdms,File_SI_neuer_Stempel_500,148,840148,845613,new
24-11-06__18-50-56_SI_neuer_Stempel_500.tdms,File_SI_neuer_Stempel_500,149,845613,851078,new
24-11-06__18-50-56_SI_neuer_Stempel_500.tdms,File_SI_neuer_Stempel_500,150,851078,856543,new
24-11-06__18-50-56_SI_neuer_Stempel_500.tdms,File_SI_neuer_Stempel_500,151,856543,862008,new
24-11-06__18-50-56_SI_neuer_Stempel_500.tdms,File_SI_neuer_Stempel_500,152,862008,867973,new
24-11-06__18-50-56_SI_neuer_Stempel_500.tdms,File_SI_neuer_Stempel_500,153,867973,873938,new
24-11-06__18-50-56_SI_neuer_Stempel_500.tdms,File_SI_neuer_Stempel_500,154,873938,879903,new
24-11-06__18-50-56_SI_neuer_Stempel_500.tdms,File_SI_neuer_Stempel_500,155,879903,885867,new
24-11-06__18-50-56_SI_neuer_Stempel_500.tdms,File_SI_neuer_Stempel_500,156,885867,891833,new
24-11-06__18-50-56_SI_neuer_Stempel_500.tdms,File_SI_neuer_Stempel_500,157,891833,897797,new
24-11-06__18-50-56_SI_neuer_Stempel_500.tdms,File_SI_neuer_Stempel_500,158,897797,903263,new
24-11-06__18-50-56_SI_neuer_Stempel_500.tdms,File_SI_neuer_Stempel_500,159,903263,908728,new
24-11-06__18-50-56_SI_neuer_Stempel_500.tdms,File_SI_neuer_Stempel_500,160,908728,914193,new
24-11-06__18-50-56_SI_neuer_Stempel_500.tdms,File_SI_neuer_Stempel_500,161,914193,919659,new
24-11-06__18-50-56_SI_neuer_Stempel_500.tdms,File_SI_neuer_Stempel_500,162,919659,925124,new
24-11-06__18-50-56_SI_neuer_Stempel_500.tdms,File_SI_neuer_Stempel_500,163,925124,930589,new
24-11-06__18-50-56_SI_neuer_Stempel_500.tdms,File_SI_neuer_Stempel_500,164,930589,936054,new
24-11-06__18-50-56_SI_neuer_Stempel_500.tdms,File_SI_neuer_Stempel_500,165,936054,941519,new
24-11-06__18-50-56_SI_neuer_Stempel_500.tdms,File_SI_neuer_Stempel_500,166,941519,947484,new
24-11-06__18-50-56_SI_neuer_Stempel_500.tdms,File_SI_neuer_Stempel_500,167,947484,953449,new
24-11-06__18-50-56_SI_neuer_Stempel_500.tdms,File_SI_neuer_Stempel_500,168,953449,959414,new
24-11-06__18-50-56_SI_neuer_Stempel_500.tdms,File_SI_neuer_Stempel_500,169,959414,965378,new
24-11-06__18-50-56_SI_neuer_Stempel_500.tdms,File_SI_neuer_Stempel_500,170,965378,971344,new
24-11-06__18-50-56_SI_neuer_Stempel_500.tdms,File_SI_neuer_Stempel_500,171,971344,977309,new
24-11-06__18-50-56_SI_neuer_Stempel_500.tdms,File_SI_neuer_Stempel_500,172,977309,982774,new
24-11-06__18-50-56_SI_neuer_Stempel_500.tdms,File_SI_neuer_Stempel_500,173,982774,988240,new
24-11-06__18-50-56_SI_neuer_Stempel_500.tdms,File_SI_neuer_Stempel_500,174,988240,993704,new
24-11-06__18-50-56_SI_neuer_Stempel_500.tdms,File_SI_neuer_Stempel_500,175,993704,999170,new
24-11-06__18-50-56_SI_neuer_Stempel_500.tdms,File_SI_neuer_Stempel_500,176,999170,1004636,new
24-11-06__18-50-56_SI_neuer_Stempel_500.tdms,File_SI_neuer_Stempel_500,177,1004636,1010100,new
24-11-06__18-50-56_SI_neuer_Stempel_500.tdms,File_SI_neuer_Stempel_500,178,1010100,1015566,new
24-11-06__18-50-56_SI_neuer_Stempel_500.tdms,File_SI_neuer_Stempel_500,179,1015566,1021031,new
24-11-06__18-50-56_SI_neuer_Stempel_500.tdms,File_SI_neuer_Stempel_500,180,1021031,1026996,new
24-11-06__18-50-56_SI_neuer_Stempel_500.tdms,File_SI_neuer_Stempel_500,181,1026996,1032961,new
24-11-06__18-50-56_SI_neuer_Stempel_500.tdms,File_SI_neuer_Stempel_500,182,1032961,1038925,new
24-11-06__18-50-56_SI_neuer_Stempel_500.tdms,File_SI_neuer_Stempel_500,183,1038925,1044890,new
24-11-06__18-50-56_SI_neuer_Stempel_500.tdms,File_SI_neuer_Stempel_500,184,1044890,1050855,new
24-11-06__18-50-56_SI_neuer_Stempel_500.tdms,File_SI_neuer_Stempel_500,185,1050855,1056820,new
24-11-06__18-50-56_SI_neuer_Stempel_500.tdms,File_SI_neuer_Stempel_500,186,1056820,1062785,new
24-11-06__18-50-56_SI_neuer_Stempel_500.tdms,File_SI_neuer_Stempel_500,187,1062785,1068251,new
24-11-06__18-50-56_SI_neuer_Stempel_500.tdms,File_SI_neuer_Stempel_500,188,1068251,1073716,new
24-11-06__18-50-56_SI_neuer_Stempel_500.tdms,File_SI_neuer_Stempel_500,189,1073716,1079181,new
24-11-06__18-50-56_SI_neuer_Stempel_500.tdms,File_SI_neuer_Stempel_500,190,1079181,1084647,new
24-11-06__18-50-56_SI_neuer_Stempel_500.tdms,File_SI_neuer_Stempel_500,191,1084647,1090112,new
24-11-06__18-50-56_SI_neuer_Stempel_500.tdms,File_SI_neuer_Stempel_500,192,1090112,1095577,new
24-11-06__18-50-56_SI_neuer_Stempel_500.tdms,File_SI_neuer_Stempel_500,193,1095577,1101042,new
24-11-06__18-50-56_SI_neuer_Stempel_500.tdms,File_SI_neuer_Stempel_500,194,1101042,1106507,new
24-11-06__18-50-56_SI_neuer_Stempel_500.tdms,File_SI_neuer_Stempel_500,195,1106507,1112472,new
24-11-06__18-50-56_SI_neuer_Stempel_500.tdms,File_SI_neuer_Stempel_500,196,1112472,1118436,new
24-11-06__18-50-56_SI_neuer_Stempel_500.tdms,File_SI_neuer_Stempel_500,197,1118436,1124402,new
24-11-06__18-50-56_SI_neuer_Stempel_500.tdms,File_SI_neuer_Stempel_500,198,1124402,1130367,new
24-11-06__18-50-56_SI_neuer_Stempel_500.tdms,File_SI_neuer_Stempel_500,199,1130367,1136332,new
24-11-06__18-50-56_SI_neuer_Stempel_500.tdms,File_SI_neuer_Stempel_500,200,1136332,1142297,new
24-11-06__18-50-56_SI_neuer_Stempel_500.tdms,File_SI_neuer_Stempel_500,201,1142297,1147762,new
24-11-06__18-50-56_SI_neuer_Stempel_500.tdms,File_SI_neuer_Stempel_500,202,1147762,1153227,new
24-11-06__18-50-56_SI_neuer_Stempel_500.tdms,File_SI_neuer_Stempel_500,203,1153227,1158693,new
24-11-06__18-50-56_SI_neuer_Stempel_500.tdms,File_SI_neuer_Stempel_500,204,1158693,1164159,new
24-11-06__18-50-56_SI_neuer_Stempel_500.tdms,File_SI_neuer_Stempel_500,205,1164159,1169623,new
24-11-06__18-50-56_SI_neuer_Stempel_500.tdms,File_SI_neuer_Stempel_500,206,1169623,1175089,new
24-11-06__18-50-56_SI_neuer_Stempel_500.tdms,File_SI_neuer_Stempel_500,207,1175089,1180554,new
24-11-06__18-50-56_SI_neuer_Stempel_500.tdms,File_SI_neuer_Stempel_500,208,1180554,1186018,new
24-11-06__18-50-56_SI_neuer_Stempel_500.tdms,File_SI_neuer_Stempel_500,209,1186018,1191984,new
24-11-06__18-50-56_SI_neuer_Stempel_500.tdms,File_SI_neuer_Stempel_500,210,1191984,1197948,new
24-11-06__18-50-56_SI_neuer_Stempel_500.tdms,File_SI_neuer_Stempel_500,211,1197948,1203913,new
24-11-06__18-50-56_SI_neuer_Stempel_500.tdms,File_SI_neuer_Stempel_500,212,1203913,1209878,new
24-11-06__18-50-56_SI_neuer_Stempel_500.tdms,File_SI_neuer_Stempel_500,213,1209878,1215843,new
24-11-06__18-50-56_SI_neuer_Stempel_500.tdms,File_SI_neuer_Stempel_500,214,1215843,1221808,new
24-11-06__18-50-56_SI_neuer_Stempel_500.tdms,File_SI_neuer_Stempel_500,215,1221808,1227274,new
24-11-06__18-50-56_SI_neuer_Stempel_500.tdms,File_SI_neuer_Stempel_500,216,1227274,1232739,new
24-11-06__18-50-56_SI_neuer_Stempel_500.tdms,File_SI_neuer_Stempel_500,217,1232739,1238204,new
24-11-06__18-50-56_SI_neuer_Stempel_500.tdms,File_SI_neuer_Stempel_500,218,1238204,1243670,new
24-11-06__18-50-56_SI_neuer_Stempel_500.tdms,File_SI_neuer_Stempel_500,219,1243670,1249135,new
24-11-06__18-50-56_SI_neuer_Stempel_500.tdms,File_SI_neuer_Stempel_500,220,1249135,1254600,new
24-11-06__18-50-56_SI_neuer_Stempel_500.tdms,File_SI_neuer_Stempel_500,221,1254600,1260065,new
24-11-06__18-50-56_SI_neuer_Stempel_500.tdms,File_SI_neuer_Stempel_500,222,1260065,1265530,new
24-11-06__18-50-56_SI_neuer_Stempel_500.tdms,File_SI_neuer_Stempel_500,223,1265530,1271495,new
24-11-06__18-50-56_SI_neuer_Stempel_500.tdms,File_SI_neuer_Stempel_500,224,1271495,1277460,new
24-11-06__18-50-56_SI_neuer_Stempel_500.tdms,File_SI_neuer_Stempel_500,225,1277460,1283425,new
24-11-06__18-50-56_SI_neuer_Stempel_500.tdms,File_SI_neuer_Stempel_500,226,1283425,1289390,new
24-11-06__18-50-56_SI_neuer_Stempel_500.tdms,File_SI_neuer_Stempel_500,227,1289390,1295355,new
24-11-06__18-50-56_SI_neuer_Stempel_500.tdms,File_SI_neuer_Stempel_500,228,1295355,1301320,new
24-11-06__18-50-56_SI_neuer_Stempel_500.tdms,File_SI_neuer_Stempel_500,229,1301320,1307285,new
24-11-06__18-50-56_SI_neuer_Stempel_500.tdms,File_SI_neuer_Stempel_500,230,1307285,1312750,new
24-11-06__18-50-56_SI_neuer_Stempel_500.tdms,File_SI_neuer_Stempel_500,231,1312750,1318216,new
24-11-06__18-50-56_SI_neuer_Stempel_500.tdms,File_SI_neuer_Stempel_500,232,1318216,1323682,new
24-11-06__18-50-56_SI_neuer_Stempel_500.tdms,File_SI_neuer_Stempel_500,233,1323682,1329146,new
24-11-06__18-50-56_SI_neuer_Stempel_500.tdms,File_SI_neuer_Stempel_500,234,1329146,1334612,new
24-11-06__18-50-56_SI_neuer_Stempel_500.tdms,File_SI_neuer_Stempel_500,235,1334612,1340077,new
24-11-06__18-50-56_SI_neuer_Stempel_500.tdms,File_SI_neuer_Stempel_500,236,1340077,1345542,new
24-11-06__18-50-56_SI_neuer_Stempel_500.tdms,File_SI_neuer_Stempel_500,237,1345542,1351007,new
24-11-06__18-50-56_SI_neuer_Stempel_500.tdms,File_SI_neuer_Stempel_500,238,1351007,1356971,new
24-11-06__18-50-56_SI_neuer_Stempel_500.tdms,File_SI_neuer_Stempel_500,239,1356971,1362936,new
24-11-06__18-50-56_SI_neuer_Stempel_500.tdms,File_SI_neuer_Stempel_500,240,1362936,1368901,new
24-11-06__18-50-56_SI_neuer_Stempel_500.tdms,File_SI_neuer_Stempel_500,241,1368901,1374867,new
24-11-06__18-50-56_SI_neuer_Stempel_500.tdms,File_SI_neuer_Stempel_500,242,1374867,1380832,new
24-11-06__18-50-56_SI_neuer_Stempel_500.tdms,File_SI_neuer_Stempel_500,243,1380832,1386797,new
24-11-06__18-50-56_SI_neuer_Stempel_500.tdms,File_SI_neuer_Stempel_500,244,1386797,1392262,new
24-11-06__18-50-56_SI_neuer_Stempel_500.tdms,File_SI_neuer_Stempel_500,245,1392262,1397727,new
24-11-06__18-50-56_SI_neuer_Stempel_500.tdms,File_SI_neuer_Stempel_500,246,1397727,1403193,new
24-11-06__18-50-56_SI_neuer_Stempel_500.tdms,File_SI_neuer_Stempel_500,247,1403193,1408658,new
24-11-06__18-50-56_SI_neuer_Stempel_500.tdms,File_SI_neuer_Stempel_500,248,1408658,1414123,new
24-11-06__18-50-56_SI_neuer_Stempel_500.tdms,File_SI_neuer_Stempel_500,249,1414123,1419589,new
24-11-06__18-50-56_SI_neuer_Stempel_500.tdms,File_SI_neuer_Stempel_500,250,1419589,1425053,new
24-11-06__18-50-56_SI_neuer_Stempel_500.tdms,File_SI_neuer_Stempel_500,251,1425053,1430519,new
24-11-06__18-50-56_SI_neuer_Stempel_500.tdms,File_SI_neuer_Stempel_500,252,1430519,1436483,new
24-11-06__18-50-56_SI_neuer_Stempel_500.tdms,File_SI_neuer_Stempel_500,253,1436483,1442448,new
24-11-06__18-50-56_SI_neuer_Stempel_500.tdms,File_SI_neuer_Stempel_500,254,1442448,1448413,new
24-11-06__18-50-56_SI_neuer_Stempel_500.tdms,File_SI_neuer_Stempel_500,255,1448413,1454378,new
24-11-06__18-50-56_SI_neuer_Stempel_500.tdms,File_SI_neuer_Stempel_500,256,1454378,1460344,new
24-11-06__18-50-56_SI_neuer_Stempel_500.tdms,File_SI_neuer_Stempel_500,257,1460344,1466309,new
24-11-06__18-50-56_SI_neuer_Stempel_500.tdms,File_SI_neuer_Stempel_500,258,1466309,1471774,new
24-11-06__18-50-56_SI_neuer_Stempel_500.tdms,File_SI_neuer_Stempel_500,259,1471774,1477240,new
24-11-06__18-50-56_SI_neuer_Stempel_500.tdms,File_SI_neuer_Stempel_500,260,1477240,1482705,new
24-11-06__18-50-56_SI_neuer_Stempel_500.tdms,File_SI_neuer_Stempel_500,261,1482705,1488170,new
24-11-06__18-50-56_SI_neuer_Stempel_500.tdms,File_SI_neuer_Stempel_500,262,1488170,1493635,new
24-11-06__18-50-56_SI_neuer_Stempel_500.tdms,File_SI_neuer_Stempel_500,263,1493635,1499101,new
24-11-06__18-50-56_SI_neuer_Stempel_500.tdms,File_SI_neuer_Stempel_500,264,1499101,1504565,new
24-11-06__18-50-56_SI_neuer_Stempel_500.tdms,File_SI_neuer_Stempel_500,265,1504565,1510030,new
24-11-06__18-50-56_SI_neuer_Stempel_500.tdms,File_SI_neuer_Stempel_500,266,1510030,1515995,new
24-11-06__18-50-56_SI_neuer_Stempel_500.tdms,File_SI_neuer_Stempel_500,267,1515995,1521960,new
24-11-06__18-50-56_SI_neuer_Stempel_500.tdms,File_SI_neuer_Stempel_500,268,1521960,1527925,new
24-11-06__18-50-56_SI_neuer_Stempel_500.tdms,File_SI_neuer_Stempel_500,269,1527925,1533890,new
24-11-06__18-50-56_SI_neuer_Stempel_500.tdms,File_SI_neuer_Stempel_500,270,1533890,1539855,new
24-11-06__18-50-56_SI_neuer_Stempel_500.tdms,File_SI_neuer_Stempel_500,271,1539855,1545821,new
24-11-06__18-50-56_SI_neuer_Stempel_500.tdms,File_SI_neuer_Stempel_500,272,1545821,1551786,new
24-11-06__18-50-56_SI_neuer_Stempel_500.tdms,File_SI_neuer_Stempel_500,273,1551786,1557251,new
24-11-06__18-50-56_SI_neuer_Stempel_500.tdms,File_SI_neuer_Stempel_500,274,1557251,1562717,new
24-11-06__18-50-56_SI_neuer_Stempel_500.tdms,File_SI_neuer_Stempel_500,275,1562717,1568182,new
24-11-06__18-50-56_SI_neuer_Stempel_500.tdms,File_SI_neuer_Stempel_500,276,1568182,1573647,new
24-11-06__18-50-56_SI_neuer_Stempel_500.tdms,File_SI_neuer_Stempel_500,277,1573647,1579112,new
24-11-06__18-50-56_SI_neuer_Stempel_500.tdms,File_SI_neuer_Stempel_500,278,1579112,1584577,new
24-11-06__18-50-56_SI_neuer_Stempel_500.tdms,File_SI_neuer_Stempel_500,279,1584577,1590042,new
24-11-06__18-50-56_SI_neuer_Stempel_500.tdms,File_SI_neuer_Stempel_500,280,1590042,1595507,new
24-11-06__18-50-56_SI_neuer_Stempel_500.tdms,File_SI_neuer_Stempel_500,281,1595507,1601472,new
24-11-06__18-50-56_SI_neuer_Stempel_500.tdms,File_SI_neuer_Stempel_500,282,1601472,1607437,new
24-11-06__18-50-56_SI_neuer_Stempel_500.tdms,File_SI_neuer_Stempel_500,283,1607437,1613402,new
24-11-06__18-50-56_SI_neuer_Stempel_500.tdms,File_SI_neuer_Stempel_500,284,1613402,1619367,new
24-11-06__18-50-56_SI_neuer_Stempel_500.tdms,File_SI_neuer_Stempel_500,285,1619367,1625333,new
24-11-06__18-50-56_SI_neuer_Stempel_500.tdms,File_SI_neuer_Stempel_500,286,1625333,1631298,new
24-11-06__18-50-56_SI_neuer_Stempel_500.tdms,File_SI_neuer_Stempel_500,287,1631298,1636763,new
24-11-06__18-50-56_SI_neuer_Stempel_500.tdms,File_SI_neuer_Stempel_500,288,1636763,1642229,new
24-11-06__18-50-56_SI_neuer_Stempel_500.tdms,File_SI_neuer_Stempel_500,289,1642229,1647694,new
24-11-06__18-50-56_SI_neuer_Stempel_500.tdms,File_SI_neuer_Stempel_500,290,1647694,1653159,new
24-11-06__18-50-56_SI_neuer_Stempel_500.tdms,File_SI_neuer_Stempel_500,291,1653159,1658624,new
24-11-06__18-50-56_SI_neuer_Stempel_500.tdms,File_SI_neuer_Stempel_500,292,1658624,1664089,new
24-11-06__18-50-56_SI_neuer_Stempel_500.tdms,File_SI_neuer_Stempel_500,293,1664089,1669554,new
24-11-06__18-50-56_SI_neuer_Stempel_500.tdms,File_SI_neuer_Stempel_500,294,1669554,1675019,new
24-11-06__18-50-56_SI_neuer_Stempel_500.tdms,File_SI_neuer_Stempel_500,295,1675019,1680984,new
24-11-06__18-50-56_SI_neuer_Stempel_500.tdms,File_SI_neuer_Stempel_500,296,1680984,1686949,new
24-11-06__18-50-56_SI_neuer_Stempel_500.tdms,File_SI_neuer_Stempel_500,297,1686949,1692914,new
24-11-06__18-50-56_SI_neuer_Stempel_500.tdms,File_SI_neuer_Stempel_500,298,1692914,1698879,new
24-11-06__18-50-56_SI_neuer_Stempel_500.tdms,File_SI_neuer_Stempel_500,299,1698879,1704845,new
24-11-06__18-50-56_SI_neuer_Stempel_500.tdms,File_SI_neuer_Stempel_500,300,1704845,1710810,new
24-11-06__18-50-56_SI_neuer_Stempel_500.tdms,File_SI_neuer_Stempel_500,301,1710810,1716275,new
24-11-06__18-50-56_SI_neuer_Stempel_500.tdms,File_SI_neuer_Stempel_500,302,1716275,1721741,new
24-11-06__18-50-56_SI_neuer_Stempel_500.tdms,File_SI_neuer_Stempel_500,303,1721741,1727206,new
24-11-06__18-50-56_SI_neuer_Stempel_500.tdms,File_SI_neuer_Stempel_500,304,1727206,1732671,new
24-11-06__18-50-56_SI_neuer_Stempel_500.tdms,File_SI_neuer_Stempel_500,305,1732671,1738136,new
24-11-06__18-50-56_SI_neuer_Stempel_500.tdms,File_SI_neuer_Stempel_500,306,1738136,1743601,new
24-11-06__18-50-56_SI_neuer_Stempel_500.tdms,File_SI_neuer_Stempel_500,307,1743601,1749066,new
24-11-06__18-50-56_SI_neuer_Stempel_500.tdms,File_SI_neuer_Stempel_500,308,1749066,1754531,new
24-11-06__18-50-56_SI_neuer_Stempel_500.tdms,File_SI_neuer_Stempel_500,309,1754531,1760496,new
24-11-06__18-50-56_SI_neuer_Stempel_500.tdms,File_SI_neuer_Stempel_500,310,1760496,1766461,new
24-11-06__18-50-56_SI_neuer_Stempel_500.tdms,File_SI_neuer_Stempel_500,311,1766461,1772426,new
24-11-06__18-50-56_SI_neuer_Stempel_500.tdms,File_SI_neuer_Stempel_500,312,1772426,1778391,new
24-11-06__18-50-56_SI_neuer_Stempel_500.tdms,File_SI_neuer_Stempel_500,313,1778391,1784357,new
24-11-06__18-50-56_SI_neuer_Stempel_500.tdms,File_SI_neuer_Stempel_500,314,1784357,1790322,new
24-11-06__18-50-56_SI_neuer_Stempel_500.tdms,File_SI_neuer_Stempel_500,315,1790322,1796287,new
24-11-06__18-50-56_SI_neuer_Stempel_500.tdms,File_SI_neuer_Stempel_500,316,1796287,1801753,new
24-11-06__18-50-56_SI_neuer_Stempel_500.tdms,File_SI_neuer_Stempel_500,317,1801753,1807218,new
24-11-06__18-50-56_SI_neuer_Stempel_500.tdms,File_SI_neuer_Stempel_500,318,1807218,1812683,new
24-11-06__18-50-56_SI_neuer_Stempel_500.tdms,File_SI_neuer_Stempel_500,319,1812683,1818148,new
24-11-06__18-50-56_SI_neuer_Stempel_500.tdms,File_SI_neuer_Stempel_500,320,1818148,1823614,new
24-11-06__18-50-56_SI_neuer_Stempel_500.tdms,File_SI_neuer_Stempel_500,321,1823614,1829078,new
24-11-06__18-50-56_SI_neuer_Stempel_500.tdms,File_SI_neuer_Stempel_500,322,1829078,1834543,new
24-11-06__18-50-56_SI_neuer_Stempel_500.tdms,File_SI_neuer_Stempel_500,323,1834543,1840008,new
24-11-06__18-50-56_SI_neuer_Stempel_500.tdms,File_SI_neuer_Stempel_500,324,1840008,1845973,new
24-11-06__18-50-56_SI_neuer_Stempel_500.tdms,File_SI_neuer_Stempel_500,325,1845973,1851939,new
24-11-06__18-50-56_SI_neuer_Stempel_500.tdms,File_SI_neuer_Stempel_500,326,1851939,1857903,new
24-11-06__18-50-56_SI_neuer_Stempel_500.tdms,File_SI_neuer_Stempel_500,327,1857903,1863869,new
24-11-06__18-50-56_SI_neuer_Stempel_500.tdms,File_SI_neuer_Stempel_500,328,1863869,1869834,new
24-11-06__18-50-56_SI_neuer_Stempel_500.tdms,File_SI_neuer_Stempel_500,329,1869834,1875800,new
24-11-06__18-50-56_SI_neuer_Stempel_500.tdms,File_SI_neuer_Stempel_500,330,1875800,1881265,new
24-11-06__18-50-56_SI_neuer_Stempel_500.tdms,File_SI_neuer_Stempel_500,331,1881265,1886731,new
24-11-06__18-50-56_SI_neuer_Stempel_500.tdms,File_SI_neuer_Stempel_500,332,1886731,1892195,new
24-11-06__18-50-56_SI_neuer_Stempel_500.tdms,File_SI_neuer_Stempel_500,333,1892195,1897661,new
24-11-06__18-50-56_SI_neuer_Stempel_500.tdms,File_SI_neuer_Stempel_500,334,1897661,1903126,new
24-11-06__18-50-56_SI_neuer_Stempel_500.tdms,File_SI_neuer_Stempel_500,335,1903126,1908590,new
24-11-06__18-50-56_SI_neuer_Stempel_500.tdms,File_SI_neuer_Stempel_500,336,1908590,1914056,new
24-11-06__18-50-56_SI_neuer_Stempel_500.tdms,File_SI_neuer_Stempel_500,337,1914056,1919520,new
24-11-06__18-50-56_SI_neuer_Stempel_500.tdms,File_SI_neuer_Stempel_500,338,1919520,1925485,new
24-11-06__18-50-56_SI_neuer_Stempel_500.tdms,File_SI_neuer_Stempel_500,339,1925485,1931451,new
24-11-06__18-50-56_SI_neuer_Stempel_500.tdms,File_SI_neuer_Stempel_500,340,1931451,1937416,new
24-11-06__18-50-56_SI_neuer_Stempel_500.tdms,File_SI_neuer_Stempel_500,341,1937416,1943381,new
24-11-06__18-50-56_SI_neuer_Stempel_500.tdms,File_SI_neuer_Stempel_500,342,1943381,1949346,new
24-11-06__18-50-56_SI_neuer_Stempel_500.tdms,File_SI_neuer_Stempel_500,343,1949346,1955312,new
24-11-06__18-50-56_SI_neuer_Stempel_500.tdms,File_SI_neuer_Stempel_500,344,1955312,1960777,new
24-11-06__18-50-56_SI_neuer_Stempel_500.tdms,File_SI_neuer_Stempel_500,345,1960777,1966243,new
24-11-06__18-50-56_SI_neuer_Stempel_500.tdms,File_SI_neuer_Stempel_500,346,1966243,1971708,new
24-11-06__18-50-56_SI_neuer_Stempel_500.tdms,File_SI_neuer_Stempel_500,347,1971708,1977173,new
24-11-06__18-50-56_SI_neuer_Stempel_500.tdms,File_SI_neuer_Stempel_500,348,1977173,1982638,new
24-11-06__18-50-56_SI_neuer_Stempel_500.tdms,File_SI_neuer_Stempel_500,349,1982638,1988103,new
24-11-06__18-50-56_SI_neuer_Stempel_500.tdms,File_SI_neuer_Stempel_500,350,1988103,1993568,new
24-11-06__18-50-56_SI_neuer_Stempel_500.tdms,File_SI_neuer_Stempel_500,351,1993568,1999033,new
24-11-06__18-50-56_SI_neuer_Stempel_500.tdms,File_SI_neuer_Stempel_500,352,1999033,2004997,new
24-11-06__18-50-56_SI_neuer_Stempel_500.tdms,File_SI_neuer_Stempel_500,353,2004997,2010963,new
24-11-06__18-50-56_SI_neuer_Stempel_500.tdms,File_SI_neuer_Stempel_500,354,2010963,2016928,new
24-11-06__18-50-56_SI_neuer_Stempel_500.tdms,File_SI_neuer_Stempel_500,355,2016928,2022893,new
24-11-06__18-50-56_SI_neuer_Stempel_500.tdms,File_SI_neuer_Stempel_500,356,2022893,2028859,new
24-11-06__18-50-56_SI_neuer_Stempel_500.tdms,File_SI_neuer_Stempel_500,357,2028859,2034824,new
24-11-06__18-50-56_SI_neuer_Stempel_500.tdms,File_SI_neuer_Stempel_500,358,2034824,2040789,new
24-11-06__18-50-56_SI_neuer_Stempel_500.tdms,File_SI_neuer_Stempel_500,359,2040789,2046255,new
24-11-06__18-50-56_SI_neuer_Stempel_500.tdms,File_SI_neuer_Stempel_500,360,2046255,2051720,new
24-11-06__18-50-56_SI_neuer_Stempel_500.tdms,File_SI_neuer_Stempel_500,361,2051720,2057185,new
24-11-06__18-50-56_SI_neuer_Stempel_500.tdms,File_SI_neuer_Stempel_500,362,2057185,2062651,new
24-11-06__18-50-56_SI_neuer_Stempel_500.tdms,File_SI_neuer_Stempel_500,363,2062651,2068115,new
24-11-06__18-50-56_SI_neuer_Stempel_500.tdms,File_SI_neuer_Stempel_500,364,2068115,2073580,new
24-11-06__18-50-56_SI_neuer_Stempel_500.tdms,File_SI_neuer_Stempel_500,365,2073580,2079046,new
24-11-06__18-50-56_SI_neuer_Stempel_500.tdms,File_SI_neuer_Stempel_500,366,2079046,2084509,new
24-11-06__18-50-56_SI_neuer_Stempel_500.tdms,File_SI_neuer_Stempel_500,367,2084509,2090475,new
24-11-06__18-50-56_SI_neuer_Stempel_500.tdms,File_SI_neuer_Stempel_500,368,2090475,2096440,new
24-11-06__18-50-56_SI_neuer_Stempel_500.tdms,File_SI_neuer_Stempel_500,369,2096440,2102405,new
24-11-06__18-50-56_SI_neuer_Stempel_500.tdms,File_SI_neuer_Stempel_500,370,2102405,2108371,new
24-11-06__18-50-56_SI_neuer_Stempel_500.tdms,File_SI_neuer_Stempel_500,371,2108371,2114336,new
24-11-06__18-50-56_SI_neuer_Stempel_500.tdms,File_SI_neuer_Stempel_500,372,2114336,2120302,new
24-11-06__18-50-56_SI_neuer_Stempel_500.tdms,File_SI_neuer_Stempel_500,373,2120302,2125767,new
24-11-06__18-50-56_SI_neuer_Stempel_500.tdms,File_SI_neuer_Stempel_500,374,2125767,2131232,new
24-11-06__18-50-56_SI_neuer_Stempel_500.tdms,File_SI_neuer_Stempel_500,375,2131232,2136697,new
24-11-06__18-50-56_SI_neuer_Stempel_500.tdms,File_SI_neuer_Stempel_500,376,2136697,2142163,new
24-11-06__18-50-56_SI_neuer_Stempel_500.tdms,File_SI_neuer_Stempel_500,377,2142163,2147627,new
24-11-06__18-50-56_SI_neuer_Stempel_500.tdms,File_SI_neuer_Stempel_500,378,2147627,2153092,new
24-11-06__18-50-56_SI_neuer_Stempel_500.tdms,File_SI_neuer_Stempel_500,379,2153092,2158558,new
24-11-06__18-50-56_SI_neuer_Stempel_500.tdms,File_SI_neuer_Stempel_500,380,2158558,2164022,new
24-11-06__18-50-56_SI_neuer_Stempel_500.tdms,File_SI_neuer_Stempel_500,381,2164022,2169987,new
24-11-06__18-50-56_SI_neuer_Stempel_500.tdms,File_SI_neuer_Stempel_500,382,2169987,2175953,new
24-11-06__18-50-56_SI_neuer_Stempel_500.tdms,File_SI_neuer_Stempel_500,383,2175953,2181918,new
24-11-06__18-50-56_SI_neuer_Stempel_500.tdms,File_SI_neuer_Stempel_500,384,2181918,2187884,new
24-11-06__18-50-56_SI_neuer_Stempel_500.tdms,File_SI_neuer_Stempel_500,385,2187884,2193848,new
24-11-06__18-50-56_SI_neuer_Stempel_500.tdms,File_SI_neuer_Stempel_500,386,2193848,2199814,new
24-11-06__18-50-56_SI_neuer_Stempel_500.tdms,File_SI_neuer_Stempel_500,387,2199814,2205780,new
24-11-06__18-50-56_SI_neuer_Stempel_500.tdms,File_SI_neuer_Stempel_500,388,2205780,2211245,new
24-11-06__18-50-56_SI_neuer_Stempel_500.tdms,File_SI_neuer_Stempel_500,389,2211245,2216710,new
24-11-06__18-50-56_SI_neuer_Stempel_500.tdms,File_SI_neuer_Stempel_500,390,2216710,2222175,new
24-11-06__18-50-56_SI_neuer_Stempel_500.tdms,File_SI_neuer_Stempel_500,391,2222175,2227640,new
24-11-06__18-50-56_SI_neuer_Stempel_500.tdms,File_SI_neuer_Stempel_500,392,2227640,2233105,new
24-11-06__18-50-56_SI_neuer_Stempel_500.tdms,File_SI_neuer_Stempel_500,393,2233105,2238570,new
24-11-06__18-50-56_SI_neuer_Stempel_500.tdms,File_SI_neuer_Stempel_500,394,2238570,2244034,new
24-11-06__18-50-56_SI_neuer_Stempel_500.tdms,File_SI_neuer_Stempel_500,395,2244034,2249500,new
24-11-06__18-50-56_SI_neuer_Stempel_500.tdms,File_SI_neuer_Stempel_500,396,2249500,2255465,new
24-11-06__18-50-56_SI_neuer_Stempel_500.tdms,File_SI_neuer_Stempel_500,397,2255465,2261430,new
24-11-06__18-50-56_SI_neuer_Stempel_500.tdms,File_SI_neuer_Stempel_500,398,2261430,2267396,new
24-11-06__18-50-56_SI_neuer_Stempel_500.tdms,File_SI_neuer_Stempel_500,399,2267396,2273361,new
24-11-06__18-50-56_SI_neuer_Stempel_500.tdms,File_SI_neuer_Stempel_500,400,2273361,2279326,new
24-11-06__18-50-56_SI_neuer_Stempel_500.tdms,File_SI_neuer_Stempel_500,401,2279326,2285293,new
24-11-06__18-50-56_SI_neuer_Stempel_500.tdms,File_SI_neuer_Stempel_500,402,2285293,2290757,new
24-11-06__18-50-56_SI_neuer_Stempel_500.tdms,File_SI_neuer_Stempel_500,403,2290757,2296223,new
24-11-06__18-50-56_SI_neuer_Stempel_500.tdms,File_SI_neuer_Stempel_500,404,2296223,2301688,new
24-11-06__18-50-56_SI_neuer_Stempel_500.tdms,File_SI_neuer_Stempel_500,405,2301688,2307152,new
24-11-06__18-50-56_SI_neuer_Stempel_500.tdms,File_SI_neuer_Stempel_500,406,2307152,2312618,new
24-11-06__18-50-56_SI_neuer_Stempel_500.tdms,File_SI_neuer_Stempel_500,407,2312618,2318082,new
24-11-06__18-50-56_SI_neuer_Stempel_500.tdms,File_SI_neuer_Stempel_500,408,2318082,2323547,new
24-11-06__18-50-56_SI_neuer_Stempel_500.tdms,File_SI_neuer_Stempel_500,409,2323547,2329012,new
24-11-06__18-50-56_SI_neuer_Stempel_500.tdms,File_SI_neuer_Stempel_500,410,2329012,2334978,new
24-11-06__18-50-56_SI_neuer_Stempel_500.tdms,File_SI_neuer_Stempel_500,411,2334978,2340943,new
24-11-06__18-50-56_SI_neuer_Stempel_500.tdms,File_SI_neuer_Stempel_500,412,2340943,2346908,new
24-11-06__18-50-56_SI_neuer_Stempel_500.tdms,File_SI_neuer_Stempel_500,413,2346908,2352874,new
24-11-06__18-50-56_SI_neuer_Stempel_500.tdms,File_SI_neuer_Stempel_500,414,2352874,2358839,new
24-11-06__18-50-56_SI_neuer_Stempel_500.tdms,File_SI_neuer_Stempel_500,415,2358839,2364805,new
24-11-06__18-50-56_SI_neuer_Stempel_500.tdms,File_SI_neuer_Stempel_500,416,2364805,2370270,new
24-11-06__18-50-56_SI_neuer_Stempel_500.tdms,File_SI_neuer_Stempel_500,417,2370270,2375735,new
24-11-06__18-50-56_SI_neuer_Stempel_500.tdms,File_SI_neuer_Stempel_500,418,2375735,2381200,new
24-11-06__18-50-56_SI_neuer_Stempel_500.tdms,File_SI_neuer_Stempel_500,419,2381200,2386665,new
24-11-06__18-50-56_SI_neuer_Stempel_500.tdms,File_SI_neuer_Stempel_500,420,2386665,2392130,new
24-11-06__18-50-56_SI_neuer_Stempel_500.tdms,File_SI_neuer_Stempel_500,421,2392130,2397595,new
24-11-06__18-50-56_SI_neuer_Stempel_500.tdms,File_SI_neuer_Stempel_500,422,2397595,2403060,new
24-11-06__18-50-56_SI_neuer_Stempel_500.tdms,File_SI_neuer_Stempel_500,423,2403060,2408525,new
24-11-06__18-50-56_SI_neuer_Stempel_500.tdms,File_SI_neuer_Stempel_500,424,2408525,2414490,new
24-11-06__18-50-56_SI_neuer_Stempel_500.tdms,File_SI_neuer_Stempel_500,425,2414490,2420455,new
24-11-06__18-50-56_SI_neuer_Stempel_500.tdms,File_SI_neuer_Stempel_500,426,2420455,2426421,new
24-11-06__18-50-56_SI_neuer_Stempel_500.tdms,File_SI_neuer_Stempel_500,427,2426421,2432387,new
24-11-06__18-50-56_SI_neuer_Stempel_500.tdms,File_SI_neuer_Stempel_500,428,2432387,2438351,new
24-11-06__18-50-56_SI_neuer_Stempel_500.tdms,File_SI_neuer_Stempel_500,429,2438351,2444317,new
24-11-06__18-50-56_SI_neuer_Stempel_500.tdms,File_SI_neuer_Stempel_500,430,2444317,2450283,new
24-11-06__18-50-56_SI_neuer_Stempel_500.tdms,File_SI_neuer_Stempel_500,431,2450283,2455747,new
24-11-06__18-50-56_SI_neuer_Stempel_500.tdms,File_SI_neuer_Stempel_500,432,2455747,2461213,new
24-11-06__18-50-56_SI_neuer_Stempel_500.tdms,File_SI_neuer_Stempel_500,433,2461213,2466678,new
24-11-06__18-50-56_SI_neuer_Stempel_500.tdms,File_SI_neuer_Stempel_500,434,2466678,2472143,new
24-11-06__18-50-56_SI_neuer_Stempel_500.tdms,File_SI_neuer_Stempel_500,435,2472143,2477608,new
24-11-06__18-50-56_SI_neuer_Stempel_500.tdms,File_SI_neuer_Stempel_500,436,2477608,2483072,new
24-11-06__18-50-56_SI_neuer_Stempel_500.tdms,File_SI_neuer_Stempel_500,437,2483072,2488538,new
24-11-06__18-50-56_SI_neuer_Stempel_500.tdms,File_SI_neuer_Stempel_500,438,2488538,2494003,new
24-11-06__18-50-56_SI_neuer_Stempel_500.tdms,File_SI_neuer_Stempel_500,439,2494003,2499968,new
24-11-06__18-50-56_SI_neuer_Stempel_500.tdms,File_SI_neuer_Stempel_500,440,2499968,2505933,new
24-11-06__18-50-56_SI_neuer_Stempel_500.tdms,File_SI_neuer_Stempel_500,441,2505933,2511899,new
24-11-06__18-50-56_SI_neuer_Stempel_500.tdms,File_SI_neuer_Stempel_500,442,2511899,2517864,new
24-11-06__18-50-56_SI_neuer_Stempel_500.tdms,File_SI_neuer_Stempel_500,443,2517864,2523830,new
24-11-06__18-50-56_SI_neuer_Stempel_500.tdms,File_SI_neuer_Stempel_500,444,2523830,2529795,new
24-11-06__18-50-56_SI_neuer_Stempel_500.tdms,File_SI_neuer_Stempel_500,445,2529795,2535260,new
24-11-06__18-50-56_SI_neuer_Stempel_500.tdms,File_SI_neuer_Stempel_500,446,2535260,2540726,new
24-11-06__18-50-56_SI_neuer_Stempel_500.tdms,File_SI_neuer_Stempel_500,447,2540726,2546190,new
24-11-06__18-50-56_SI_neuer_Stempel_500.tdms,File_SI_neuer_Stempel_500,448,2546190,2551655,new
24-11-06__18-50-56_SI_neuer_Stempel_500.tdms,File_SI_neuer_Stempel_500,449,2551655,2557120,new
24-11-06__18-50-56_SI_neuer_Stempel_500.tdms,File_SI_neuer_Stempel_500,450,2557120,2562585,new
24-11-06__18-50-56_SI_neuer_Stempel_500.tdms,File_SI_neuer_Stempel_500,451,2562585,2568050,new
24-11-06__18-50-56_SI_neuer_Stempel_500.tdms,File_SI_neuer_Stempel_500,452,2568050,2573516,new
24-11-06__18-50-56_SI_neuer_Stempel_500.tdms,File_SI_neuer_Stempel_500,453,2573516,2579481,new
24-11-06__18-50-56_SI_neuer_Stempel_500.tdms,File_SI_neuer_Stempel_500,454,2579481,2585446,new
24-11-06__18-50-56_SI_neuer_Stempel_500.tdms,File_SI_neuer_Stempel_500,455,2585446,2591411,new
24-11-06__18-50-56_SI_neuer_Stempel_500.tdms,File_SI_neuer_Stempel_500,456,2591411,2597377,new
24-11-06__18-50-56_SI_neuer_Stempel_500.tdms,File_SI_neuer_Stempel_500,457,2597377,2603343,new
24-11-06__18-50-56_SI_neuer_Stempel_500.tdms,File_SI_neuer_Stempel_500,458,2603343,2609308,new
24-11-06__18-50-56_SI_neuer_Stempel_500.tdms,File_SI_neuer_Stempel_500,459,2609308,2614773,new
24-11-06__18-50-56_SI_neuer_Stempel_500.tdms,File_SI_neuer_Stempel_500,460,2614773,2620238,new
24-11-06__18-50-56_SI_neuer_Stempel_500.tdms,File_SI_neuer_Stempel_500,461,2620238,2625704,new
24-11-06__18-50-56_SI_neuer_Stempel_500.tdms,File_SI_neuer_Stempel_500,462,2625704,2631168,new
24-11-06__18-50-56_SI_neuer_Stempel_500.tdms,File_SI_neuer_Stempel_500,463,2631168,2636633,new
24-11-06__18-50-56_SI_neuer_Stempel_500.tdms,File_SI_neuer_Stempel_500,464,2636633,2642098,new
24-11-06__18-50-56_SI_neuer_Stempel_500.tdms,File_SI_neuer_Stempel_500,465,2642098,2647563,new
24-11-06__18-50-56_SI_neuer_Stempel_500.tdms,File_SI_neuer_Stempel_500,466,2647563,2653028,new
24-11-06__18-50-56_SI_neuer_Stempel_500.tdms,File_SI_neuer_Stempel_500,467,2653028,2658994,new
24-11-06__18-50-56_SI_neuer_Stempel_500.tdms,File_SI_neuer_Stempel_500,468,2658994,2664959,new
24-11-06__18-50-56_SI_neuer_Stempel_500.tdms,File_SI_neuer_Stempel_500,469,2664959,2670925,new
24-11-06__18-50-56_SI_neuer_Stempel_500.tdms,File_SI_neuer_Stempel_500,470,2670925,2676890,new
24-11-06__18-50-56_SI_neuer_Stempel_500.tdms,File_SI_neuer_Stempel_500,471,2676890,2682855,new
24-11-06__18-50-56_SI_neuer_Stempel_500.tdms,File_SI_neuer_Stempel_500,472,2682855,2688821,new
24-11-06__18-50-56_SI_neuer_Stempel_500.tdms,File_SI_neuer_Stempel_500,473,2688821,2694786,new
24-11-06__18-50-56_SI_neuer_Stempel_500.tdms,File_SI_neuer_Stempel_500,474,2694786,2700251,new
24-11-06__18-50-56_SI_neuer_Stempel_500.tdms,File_SI_neuer_Stempel_500,475,2700251,2705716,new
24-11-06__18-50-56_SI_neuer_Stempel_500.tdms,File_SI_neuer_Stempel_500,476,2705716,2711181,new
24-11-06__18-50-56_SI_neuer_Stempel_500.tdms,File_SI_neuer_Stempel_500,477,2711181,2716646,new
24-11-06__18-50-56_SI_neuer_Stempel_500.tdms,File_SI_neuer_Stempel_500,478,2716646,2722111,new
24-11-06__18-50-56_SI_neuer_Stempel_500.tdms,File_SI_neuer_Stempel_500,479,2722111,2727576,new
24-11-06__18-50-56_SI_neuer_Stempel_500.tdms,File_SI_neuer_Stempel_500,480,2727576,2733041,new
24-11-06__18-50-56_SI_neuer_Stempel_500.tdms,File_SI_neuer_Stempel_500,481,2733041,2738506,new
24-11-06__18-50-56_SI_neuer_Stempel_500.tdms,File_SI_neuer_Stempel_500,482,2738506,2744471,new
24-11-06__18-50-56_SI_neuer_Stempel_500.tdms,File_SI_neuer_Stempel_500,483,2744471,2750438,new
24-11-06__18-50-56_SI_neuer_Stempel_500.tdms,File_SI_neuer_Stempel_500,484,2750438,2756402,new
24-11-06__18-50-56_SI_neuer_Stempel_500.tdms,File_SI_neuer_Stempel_500,485,2756402,2762368,new
24-11-06__18-50-56_SI_neuer_Stempel_500.tdms,File_SI_neuer_Stempel_500,486,2762368,2768334,new
24-11-06__18-50-56_SI_neuer_Stempel_500.tdms,File_SI_neuer_Stempel_500,487,2768334,2774299,new
24-11-06__18-50-56_SI_neuer_Stempel_500.tdms,File_SI_neuer_Stempel_500,488,2774299,2779764,new
24-11-06__18-50-56_SI_neuer_Stempel_500.tdms,File_SI_neuer_Stempel_500,489,2779764,2785229,new
24-11-06__18-50-56_SI_neuer_Stempel_500.tdms,File_SI_neuer_Stempel_500,490,2785229,2790694,new
24-11-06__18-50-56_SI_neuer_Stempel_500.tdms,File_SI_neuer_Stempel_500,491,2790694,2796159,new
24-11-06__18-50-56_SI_neuer_Stempel_500.tdms,File_SI_neuer_Stempel_500,492,2796159,2801624,new
24-11-06__18-50-56_SI_neuer_Stempel_500.tdms,File_SI_neuer_Stempel_500,493,2801624,2807088,new
24-11-06__18-50-56_SI_neuer_Stempel_500.tdms,File_SI_neuer_Stempel_500,494,2807088,2812554,new
24-11-06__18-50-56_SI_neuer_Stempel_500.tdms,File_SI_neuer_Stempel_500,495,2812554,2818020,new
24-11-06__18-50-56_SI_neuer_Stempel_500.tdms,File_SI_neuer_Stempel_500,496,2818020,2823984,new
24-11-06__18-50-56_SI_neuer_Stempel_500.tdms,File_SI_neuer_Stempel_500,497,2823984,2829950,new
24-11-06__18-50-56_SI_neuer_Stempel_500.tdms,File_SI_neuer_Stempel_500,498,2829950,2835915,new
